ID,Names
1234567898857    ,Jess  
1000000000001    ,Tama  
1000000000002    ,Vaughn  
1000000000003    ,Marvis  
1000000000004    ,Lyle  
1000000000005    ,Leeann  
1000000000006    ,Corrie  
1000000000007    ,Emiko  
1000000000008    ,Dorine  
1000000000009    ,Valeria  
1000000000010    ,Amie  
1000000000011    ,Ja  
1000000000012    ,Laila Mirarchi  
1000000000013    ,Cora Baldree  
1000000000014    ,Charita Hammons  
1000000000015    ,Alissa Weatherly  
1000000000016    ,Altha Alaniz
1000000000017    ,Roman  
1000000000018    ,Marhta  
1000000000019    ,Verline  
1000000000020    ,Anneliese  
1000000000021    ,Merlene  
1000000000022    ,Taisha  
1000000000023    ,Arvilla  
1000000000024    ,Luis  
1000000000025    ,Jessi  
1000000000026    ,Dorathy Hilaire  
1000000000027    ,Rosann Rupe  
1000000000028    ,Marlon Bisson 
1000000000029    ,Julee  
1000000000030    ,Loretta  
1000000000031    ,Delfina  
1000000000032    ,Rachael  
1000000000033    ,Esther  
1000000000034    ,Marian  
1000000000035    ,Barbara  
1000000000036    ,Janetta  
1000000000037    ,Joan  
1000000000038    ,Bell  
1000000000039    ,Tamica  
1000000000040    ,Shenika  
1000000000041    ,Lorilee  
1000000000042    ,Jude  
1000000000043    ,Dimple  
1000000000044    ,Babette  
1000000000045    ,Season  
1000000000046    ,Alana  
1000000000047    ,Clora  
1000000000048    ,Tamisha  
1000000000049    ,Walker Treiber  
1000000000050    ,Arron Madkins  
1000000000051    ,Merlin Bybee  
1000000000052    ,Kathaleen Aronson  
1000000000053    ,Eloy Almanza  
1000000000054    ,Carolin Seals  
1000000000055    ,Etha Mcnamee  
1000000000056    ,Gabriella Kravetz  
1000000000057    ,Yasuko Sherer  
1000000000058    ,Demetrius Percival  
1000000000059    ,Omer Pille  
1000000000060    ,Elouise Kerrick  
1000000000061    ,Ellen Mayhugh  
1000000000062    ,Alphonse Legge  
1000000000063    ,Warner Donohue  
1000000000064    ,Phil Wiebe  
1000000000065    ,Patrica Scully  
1000000000066    ,Margarite Runge  
1000000000067    ,Seth Chabolla  
1000000000068    ,Luba Abrams  